department,total_devices,average_risk_score
Sales,7,58.57142857142857
Engineering,7,50.857142857142854
HR,11,48.09090909090909
Finance,12,58.25
Legal,7,50.57142857142857
IT,6,53.333333333333336
